<?xml version="1.0" encoding="UTF-8"?>
<con:soapui-project id="baa468d9-5509-448e-a328-260fe06c0358" activeEnvironment="Default" name="Soap Homework" resourceRoot="${projectDir}" soapui-version="5.7.0" abortOnError="false" runType="SEQUENTIAL" xmlns:con="http://eviware.com/soapui/config"><con:settings/><con:interface xsi:type="con:WsdlInterface" id="df74063e-4872-46ff-bb52-54dc0116355b" wsaVersion="NONE" name="CoursesPortSoap11" type="wsdl" bindingName="{http://kodilla.com/courses/soap}CoursesPortSoap11" soapVersion="1_1" anonymous="optional" definition="http://localhost:8080/ws/courses.wsdl" xmlns:xsi="http://www.w3.org/2001/XMLSchema-instance"><con:settings/><con:definitionCache type="TEXT" rootPart="http://localhost:8080/ws/courses.wsdl"><con:part><con:url>http://localhost:8080/ws/courses.wsdl</con:url><con:content><![CDATA[<wsdl:definitions targetNamespace="http://kodilla.com/courses/soap" xmlns:wsdl="http://schemas.xmlsoap.org/wsdl/" xmlns:sch="http://kodilla.com/courses/soap" xmlns:soap="http://schemas.xmlsoap.org/wsdl/soap/" xmlns:tns="http://kodilla.com/courses/soap">
  <wsdl:types>
    <xs:schema elementFormDefault="qualified" targetNamespace="http://kodilla.com/courses/soap" xmlns:xs="http://www.w3.org/2001/XMLSchema">
      <xs:element name="getCourseRequest">
        <xs:complexType>
          <xs:sequence>
            <xs:element name="name" type="xs:string"/>
          </xs:sequence>
        </xs:complexType>
      </xs:element>
      <xs:element name="getCourseResponse">
        <xs:complexType>
          <xs:sequence>
            <xs:element name="course" type="tns:course"/>
          </xs:sequence>
        </xs:complexType>
      </xs:element>
      <xs:complexType name="course">
        <xs:sequence>
          <xs:element name="name" type="xs:string"/>
          <xs:element name="length" type="xs:int"/>
          <xs:element name="technology" type="tns:technology"/>
        </xs:sequence>
      </xs:complexType>
      <xs:simpleType name="technology">
        <xs:restriction base="xs:string">
          <xs:enumeration value="JAVA"/>
          <xs:enumeration value="JAVASCRIPT"/>
          <xs:enumeration value="HTML"/>
        </xs:restriction>
      </xs:simpleType>
    </xs:schema>
  </wsdl:types>
  <wsdl:message name="getCourseResponse">
    <wsdl:part element="tns:getCourseResponse" name="getCourseResponse"></wsdl:part>
  </wsdl:message>
  <wsdl:message name="getCourseRequest">
    <wsdl:part element="tns:getCourseRequest" name="getCourseRequest"></wsdl:part>
  </wsdl:message>
  <wsdl:portType name="CoursesPort">
    <wsdl:operation name="getCourse">
      <wsdl:input message="tns:getCourseRequest" name="getCourseRequest"></wsdl:input>
      <wsdl:output message="tns:getCourseResponse" name="getCourseResponse"></wsdl:output>
    </wsdl:operation>
  </wsdl:portType>
  <wsdl:binding name="CoursesPortSoap11" type="tns:CoursesPort">
    <soap:binding style="document" transport="http://schemas.xmlsoap.org/soap/http"/>
    <wsdl:operation name="getCourse">
      <soap:operation soapAction=""/>
      <wsdl:input name="getCourseRequest">
        <soap:body use="literal"/>
      </wsdl:input>
      <wsdl:output name="getCourseResponse">
        <soap:body use="literal"/>
      </wsdl:output>
    </wsdl:operation>
  </wsdl:binding>
  <wsdl:service name="CoursesPortService">
    <wsdl:port binding="tns:CoursesPortSoap11" name="CoursesPortSoap11">
      <soap:address location="http://localhost:8080/ws"/>
    </wsdl:port>
  </wsdl:service>
</wsdl:definitions>]]></con:content><con:type>http://schemas.xmlsoap.org/wsdl/</con:type></con:part></con:definitionCache><con:endpoints><con:endpoint>http://localhost:8080/ws</con:endpoint></con:endpoints><con:operation id="d2ff53af-77dd-4e14-aaea-8ccc9b5d7513" isOneWay="false" action="" name="getCourse" bindingOperationName="getCourse" type="Request-Response" outputName="getCourseResponse" inputName="getCourseRequest" receivesAttachments="false" sendsAttachments="false" anonymous="optional"><con:settings/><con:call id="25f3cf8d-12f6-4f89-a88d-1a0f68d6e11d" name="Request 1"><con:settings/><con:encoding>UTF-8</con:encoding><con:endpoint>http://localhost:8080/ws</con:endpoint><con:request><![CDATA[<soapenv:Envelope xmlns:soapenv="http://schemas.xmlsoap.org/soap/envelope/" xmlns:soap="http://kodilla.com/courses/soap">
   <soapenv:Header/>
   <soapenv:Body>
      <soap:getCourseRequest>
         <soap:name>?</soap:name>
      </soap:getCourseRequest>
   </soapenv:Body>
</soapenv:Envelope>]]></con:request><con:wsaConfig mustUnderstand="NONE" version="200508" action="http://kodilla.com/courses/soap/CoursesPort/getCourseRequest"/></con:call></con:operation></con:interface><con:testSuite id="e658ac66-1de5-498d-b7ee-928685bf7893" name="Homework TestSuite"><con:settings/><con:runType>SEQUENTIAL</con:runType><con:testCase id="ca73fd53-52fa-416a-8c6c-97d7ecee20fc" failOnError="true" failTestCaseOnErrors="true" keepSession="false" maxResults="0" name="Testing length 9 months Java Developer Plus" searchProperties="true"><con:settings/><con:testStep type="request" id="b05cf33b-5ad9-433d-a3ae-cd843dd38bc5" name="getCourse"><con:settings/><con:config xsi:type="con:RequestStep" xmlns:xsi="http://www.w3.org/2001/XMLSchema-instance"><con:interface>CoursesPortSoap11</con:interface><con:operation>getCourse</con:operation><con:request name="getCourse" id="96542205-1117-49c9-9635-0eafa9a9c9f9"><con:settings><con:setting id="com.eviware.soapui.impl.wsdl.WsdlRequest@request-headers">&lt;xml-fragment/></con:setting></con:settings><con:encoding>UTF-8</con:encoding><con:endpoint>http://localhost:8080/ws</con:endpoint><con:request><![CDATA[<soapenv:Envelope xmlns:soapenv="http://schemas.xmlsoap.org/soap/envelope/" xmlns:soap="http://kodilla.com/courses/soap">
   <soapenv:Header/>
   <soapenv:Body>
      <soap:getCourseRequest>
         <soap:name>Java Developer Plus</soap:name>
      </soap:getCourseRequest>
   </soapenv:Body>
</soapenv:Envelope>]]></con:request><con:assertion type="Simple Contains" id="eb5a2d64-06bf-4454-9783-2d6af4e31dcd" name="Contains"><con:configuration><token>name>Java Developer Plus&lt;</token><ignoreCase>false</ignoreCase><useRegEx>false</useRegEx></con:configuration></con:assertion><con:assertion type="Simple Contains" id="49d27499-30aa-436d-adb0-018796ad18cd" name="Length 9 months"><con:configuration><token>length>9&lt;</token><ignoreCase>false</ignoreCase><useRegEx>false</useRegEx></con:configuration></con:assertion><con:credentials><con:authType>No Authorization</con:authType></con:credentials><con:jmsConfig JMSDeliveryMode="PERSISTENT"/><con:jmsPropertyConfig/><con:wsaConfig action="http://kodilla.com/courses/soap/CoursesPort/getCourseRequest" mustUnderstand="NONE" version="200508"/><con:wsrmConfig version="1.2"/></con:request></con:config></con:testStep><con:properties/></con:testCase><con:testCase id="ca3795f6-6301-495a-8e71-3cfeab586eda" failOnError="true" failTestCaseOnErrors="true" keepSession="false" maxResults="0" name="Testing length 6 months Java Developer" searchProperties="true"><con:settings/><con:testStep type="request" id="0ba4f475-9e27-4009-9ab4-0858fc2e6703" name="getCourse"><con:settings/><con:config xsi:type="con:RequestStep" xmlns:xsi="http://www.w3.org/2001/XMLSchema-instance"><con:interface>CoursesPortSoap11</con:interface><con:operation>getCourse</con:operation><con:request name="getCourse" id="96542205-1117-49c9-9635-0eafa9a9c9f9"><con:settings><con:setting id="com.eviware.soapui.impl.wsdl.WsdlRequest@request-headers">&lt;xml-fragment/></con:setting></con:settings><con:encoding>UTF-8</con:encoding><con:endpoint>http://localhost:8080/ws</con:endpoint><con:request><![CDATA[<soapenv:Envelope xmlns:soapenv="http://schemas.xmlsoap.org/soap/envelope/" xmlns:soap="http://kodilla.com/courses/soap">
   <soapenv:Header/>
   <soapenv:Body>
      <soap:getCourseRequest>
         <soap:name>Java Developer</soap:name>
      </soap:getCourseRequest>
   </soapenv:Body>
</soapenv:Envelope>]]></con:request><con:assertion type="Simple Contains" id="a3aaf0bb-f9d7-45f9-baf3-3427f3fd0e21" name="Contains"><con:configuration><token>length>6&lt;</token><ignoreCase>false</ignoreCase><useRegEx>false</useRegEx></con:configuration></con:assertion><con:assertion type="Simple Contains" id="b0244d9a-e0a6-4ed5-9a55-51a8c8003307" name="Name Java Developr"><con:configuration><token>name>Java Developer&lt;</token><ignoreCase>false</ignoreCase><useRegEx>false</useRegEx></con:configuration></con:assertion><con:credentials><con:authType>No Authorization</con:authType></con:credentials><con:jmsConfig JMSDeliveryMode="PERSISTENT"/><con:jmsPropertyConfig/><con:wsaConfig action="http://kodilla.com/courses/soap/CoursesPort/getCourseRequest" mustUnderstand="NONE" version="200508"/><con:wsrmConfig version="1.2"/></con:request></con:config></con:testStep><con:properties/></con:testCase><con:testCase id="c86c1944-f9fe-41f0-ba7d-0f317bd97fc3" failOnError="true" failTestCaseOnErrors="true" keepSession="false" maxResults="0" name="Testing JAVA techonology Java Developer" searchProperties="true"><con:settings/><con:testStep type="request" id="7cf8ad57-c135-45f3-8581-b5e6284569c2" name="getCourse"><con:settings/><con:config xsi:type="con:RequestStep" xmlns:xsi="http://www.w3.org/2001/XMLSchema-instance"><con:interface>CoursesPortSoap11</con:interface><con:operation>getCourse</con:operation><con:request name="getCourse" id="96542205-1117-49c9-9635-0eafa9a9c9f9"><con:settings><con:setting id="com.eviware.soapui.impl.wsdl.WsdlRequest@request-headers">&lt;xml-fragment/></con:setting></con:settings><con:encoding>UTF-8</con:encoding><con:endpoint>http://localhost:8080/ws</con:endpoint><con:request><![CDATA[<soapenv:Envelope xmlns:soapenv="http://schemas.xmlsoap.org/soap/envelope/" xmlns:soap="http://kodilla.com/courses/soap">
   <soapenv:Header/>
   <soapenv:Body>
      <soap:getCourseRequest>
         <soap:name>Java Developer</soap:name>
      </soap:getCourseRequest>
   </soapenv:Body>
</soapenv:Envelope>]]></con:request><con:assertion type="Simple Contains" id="34d18134-8a89-427c-8117-0887438a4946" name="Contains"><con:configuration><token>technology>JAVA&lt;</token><ignoreCase>false</ignoreCase><useRegEx>false</useRegEx></con:configuration></con:assertion><con:credentials><con:authType>No Authorization</con:authType></con:credentials><con:jmsConfig JMSDeliveryMode="PERSISTENT"/><con:jmsPropertyConfig/><con:wsaConfig action="http://kodilla.com/courses/soap/CoursesPort/getCourseRequest" mustUnderstand="NONE" version="200508"/><con:wsrmConfig version="1.2"/></con:request></con:config></con:testStep><con:properties/></con:testCase><con:properties/></con:testSuite><con:properties/><con:wssContainer/><con:oAuth2ProfileContainer/><con:oAuth1ProfileContainer/></con:soapui-project>